index,state,colonies_number,yield_per_colony,production,stocks,average_price,value_of_production,value_of_stocks,revenue,year
0,Alabama,16000,58,928000,28000,0.62,575360,17360,558000,1995
1,Arizona,52000,79,4108000,986000,0.68,2793440,670480,2122960,1995
2,Arkansas,50000,60,3000000,900000,0.64,1920000,576000,1344000,1995
3,California,420000,93,39060000,4687000,0.6,23436000,2812200,20623800,1995
4,Colorado,45000,60,2700000,1404000,0.68,1836000,954720,881280,1995
5,Florida,230000,86,19780000,1780000,0.63,12461400,1121400,11340000,1995
6,Georgia,70000,62,4340000,260000,0.69,2994600,179400,2815200,1995
7,Hawaii,8000,129,1032000,103000,0.55,567600,56650,510950,1995
8,Idaho,125000,48,6000000,1020000,0.65,3900000,663000,3237000,1995
9,Illinois,11000,74,814000,212000,1.02,830280,216240,614040,1995
10,Indiana,12000,63,756000,166000,0.68,514080,112880,401200,1995
11,Iowa,50000,68,3400000,612000,0.72,2448000,440640,2007360,1995
12,Kansas,17000,67,1139000,182000,0.71,808690,129220,679470,1995
13,Kentucky,3000,44,132000,30000,1.03,135960,30900,105060,1995
14,Louisiana,33000,119,3927000,275000,0.61,2395470,167750,2227720,1995
15,Maine,11000,45,495000,223000,1,495000,223000,272000,1995
16,Maryland,7000,35,245000,81000,1.14,279300,92340,186960,1995
17,Michigan,97000,92,8924000,3570000,0.72,6425280,2570400,3854880,1995
18,Minnesota,165000,82,13530000,1218000,0.66,8929800,803880,8125920,1995
19,Mississippi,16000,70,1120000,146000,0.64,716800,93440,623360,1995
20,Missouri,23000,67,1541000,308000,0.65,1001650,200200,801450,1995
21,Montana,106000,80,8480000,1781000,0.66,5596800,1175460,4421340,1995
22,Nebraska,60000,73,4380000,1402000,0.68,2978400,953360,2025040,1995
23,Nevada,9000,29,261000,34000,0.96,250560,32640,217920,1995
24,NewJersey,8000,34,272000,57000,0.71,193120,40470,152650,1995
25,NewMexico,19000,65,1235000,247000,0.68,839800,167960,671840,1995
26,NewYork,70000,75,5250000,2100000,0.66,3465000,1386000,2079000,1995
27,NorthCarolina,12000,52,624000,162000,0.81,505440,131220,374220,1995
28,NorthDakota,220000,108,23760000,3802000,0.63,14968800,2395260,12573540,1995
29,Ohio,25000,62,1550000,930000,0.72,1116000,669600,446400,1995
30,Oklahoma,5000,76,380000,141000,0.91,345800,128310,217490,1995
31,Oregon,52000,52,2704000,2488000,0.71,1919840,1766480,153360,1995
32,Pennsylvania,25000,43,1075000,376000,0.69,741750,259440,482310,1995
33,SouthCarolina,9000,90,810000,65000,1.28,1036800,83200,953600,1995
34,SouthDakota,240000,85,20400000,4896000,0.65,13260000,3182400,10077600,1995
35,Tennessee,4000,53,212000,70000,1.14,241680,79800,161880,1995
36,Texas,84000,106,8904000,1959000,0.64,5698560,1253760,4444800,1995
37,Utah,32000,33,1056000,232000,0.61,644160,141520,502640,1995
38,Vermont,5000,67,335000,131000,0.83,278050,108730,169320,1995
39,Virginia,9000,45,405000,97000,0.55,222750,53350,169400,1995
40,Washington,60000,59,3540000,637000,0.54,1911600,343980,1567620,1995
41,WestVirginia,13000,41,533000,48000,1.16,618280,55680,562600,1995
42,Wisconsin,73000,79,5767000,2134000,0.71,4094570,1515140,2579430,1995
43,Wyoming,38000,36,1368000,150000,0.68,930240,102000,828240,1995
44,Alabama,16000,64,1024000,102000,0.86,880640,87720,792920,1996
45,Arizona,32000,60,1920000,307000,0.84,1612800,257880,1354920,1996
46,Arkansas,40000,84,3360000,336000,0.87,2923200,292320,2630880,1996
47,California,390000,70,27300000,4641000,0.84,22932000,3898440,19033560,1996
48,Colorado,30000,74,2220000,1132000,0.79,1753800,894280,859520,1996
49,Florida,240000,105,25200000,2268000,0.91,22932000,2063880,20868120,1996
50,Georgia,75000,68,5100000,306000,0.89,4539000,272340,4266660,1996
51,Hawaii,8000,155,1240000,62000,0.8,992000,49600,942400,1996
52,Idaho,110000,45,4950000,1535000,0.9,4455000,1381500,3073500,1996
53,Illinois,11000,74,814000,285000,1.3,1058200,370500,687700,1996
54,Indiana,9000,75,675000,412000,1.07,722250,440840,281410,1996
55,Iowa,58000,67,3886000,933000,0.98,3808280,914340,2893940,1996
56,Kansas,16000,51,816000,294000,0.96,783360,282240,501120,1996
57,Kentucky,3000,60,180000,23000,1.27,228600,29210,199390,1996
58,Louisiana,37000,106,3922000,784000,0.84,3294480,658560,2635920,1996
59,Maine,10000,23,230000,23000,1.26,289800,28980,260820,1996
60,Maryland,7000,32,224000,40000,1.11,248640,44400,204240,1996
61,Michigan,90000,96,8640000,4320000,1.1,9504000,4752000,4752000,1996
62,Minnesota,150000,77,11550000,1617000,0.91,10510500,1471470,9039030,1996
63,Mississippi,17000,80,1360000,299000,0.85,1156000,254150,901850,1996
64,Missouri,22000,74,1628000,326000,0.92,1497760,299920,1197840,1996
65,Montana,117000,60,7020000,1825000,0.88,6177600,1606000,4571600,1996
66,Nebraska,65000,75,4875000,1755000,0.92,4485000,1614600,2870400,1996
67,Nevada,14000,61,854000,68000,1.05,896700,71400,825300,1996
68,NewJersey,5000,45,225000,119000,1.06,238500,126140,112360,1996
69,NewMexico,15000,77,1155000,219000,0.94,1085700,205860,879840,1996
70,NewYork,68000,80,5440000,2557000,0.88,4787200,2250160,2537040,1996
71,NorthCarolina,12000,44,528000,53000,1.06,559680,56180,503500,1996
72,NorthDakota,230000,86,19780000,4945000,0.9,17802000,4450500,13351500,1996
73,Ohio,24000,70,1680000,840000,0.98,1646400,823200,823200,1996
74,Oklahoma,4000,59,236000,54000,1.07,252520,57780,194740,1996
75,Oregon,55000,59,3245000,1071000,0.92,2985400,985320,2000080,1996
76,Pennsylvania,23000,46,1058000,370000,0.99,1047420,366300,681120,1996
77,SouthCarolina,9000,90,810000,81000,1.13,915300,91530,823770,1996
78,SouthDakota,240000,97,23280000,6751000,0.91,21184800,6143410,15041390,1996
79,Tennessee,5000,64,320000,90000,1.37,438400,123300,315100,1996
80,Texas,82000,83,6806000,1361000,0.87,5921220,1184070,4737150,1996
81,Utah,34000,46,1564000,328000,0.85,1329400,278800,1050600,1996
82,Vermont,4000,83,332000,93000,1.08,358560,100440,258120,1996
83,Virginia,7000,50,350000,119000,1.36,476000,161840,314160,1996
84,Washington,57000,58,3306000,1025000,0.89,2942340,912250,2030090,1996
85,WestVirginia,10000,59,590000,207000,1.69,997100,349830,647270,1996
86,Wisconsin,69000,78,5382000,2422000,0.83,4467060,2010260,2456800,1996
87,Wyoming,40000,73,2920000,526000,0.91,2657200,478660,2178540,1996
88,Alabama,14000,66,924000,92000,0.81,748440,74520,673920,1997
89,Arizona,32000,80,2560000,1024000,0.72,1843200,737280,1105920,1997
90,Arkansas,40000,95,3800000,2774000,0.7,2660000,1941800,718200,1997
91,California,400000,75,30000000,9000000,0.7,21000000,6300000,14700000,1997
92,Colorado,35000,55,1925000,982000,0.82,1578500,805240,773260,1997
93,Florida,240000,67,16080000,2734000,0.73,11738400,1995820,9742580,1997
94,Georgia,75000,46,3450000,587000,0.79,2725500,463730,2261770,1997
95,Hawaii,9000,146,1314000,158000,0.86,1130040,135880,994160,1997
96,Idaho,120000,64,7680000,2304000,0.72,5529600,1658880,3870720,1997
97,Illinois,7000,69,483000,222000,1.27,613410,281940,331470,1997
98,Indiana,8000,71,568000,352000,1.13,641840,397760,244080,1997
99,Iowa,51000,74,3774000,2000000,0.86,3245640,1720000,1525640,1997
100,Kansas,17000,71,1207000,688000,0.81,977670,557280,420390,1997
101,Kentucky,3000,60,180000,54000,1.48,266400,79920,186480,1997
102,Louisiana,38000,115,4370000,656000,0.7,3059000,459200,2599800,1997
103,Maine,8000,19,152000,9000,0.7,106400,6300,100100,1997
104,Maryland,6000,40,240000,65000,1.59,381600,103350,278250,1997
105,Michigan,85000,70,5950000,3273000,0.77,4581500,2520210,2061290,1997
106,Minnesota,145000,73,10585000,2011000,0.74,7832900,1488140,6344760,1997
107,Mississippi,19000,73,1387000,777000,0.73,1012510,567210,445300,1997
108,Missouri,24000,77,1848000,517000,0.78,1441440,403260,1038180,1997
109,Montana,107000,120,12840000,4237000,0.74,9501600,3135380,6366220,1997
110,Nebraska,61000,67,4087000,2738000,0.77,3146990,2108260,1038730,1997
111,Nevada,14000,61,854000,171000,1.14,973560,194940,778620,1997
112,NewJersey,8000,49,392000,161000,1.04,407680,167440,240240,1997
113,NewMexico,15000,60,900000,396000,0.87,783000,344520,438480,1997
114,NewYork,72000,60,4320000,2246000,0.85,3672000,1909100,1762900,1997
115,NorthCarolina,8000,58,464000,139000,1.19,552160,165410,386750,1997
116,NorthDakota,245000,100,24500000,7350000,0.74,18130000,5439000,12691000,1997
117,Ohio,22000,80,1760000,827000,0.85,1496000,702950,793050,1997
118,Oklahoma,4000,58,232000,97000,1.37,317840,132890,184950,1997
119,Oregon,47000,53,2491000,1445000,0.79,1967890,1141550,826340,1997
120,Pennsylvania,22000,48,1056000,528000,1,1056000,528000,528000,1997
121,SouthDakota,240000,65,15600000,8736000,0.74,11544000,6464640,5079360,1997
122,Tennessee,6000,62,372000,126000,1.47,546840,185220,361620,1997
123,Texas,94000,106,9964000,3188000,0.75,7473000,2391000,5082000,1997
124,Utah,32000,52,1664000,699000,0.75,1248000,524250,723750,1997
125,Vermont,5000,63,315000,249000,0.83,261450,206670,54780,1997
126,Virginia,8000,53,424000,157000,1.45,614800,227650,387150,1997
127,Washington,54000,52,2808000,1348000,0.76,2134080,1024480,1109600,1997
128,WestVirginia,8000,70,560000,280000,1.11,621600,310800,310800,1997
129,Wisconsin,79000,60,4740000,2797000,0.9,4266000,2517300,1748700,1997
130,Wyoming,38000,62,2356000,660000,0.75,1767000,495000,1272000,1997
131,Alabama,16000,71,1136000,159000,0.72,817920,114480,703440,1998
132,Arizona,55000,60,3300000,1485000,0.64,2112000,950400,1161600,1998
133,Arkansas,53000,65,3445000,1688000,0.59,2032550,995920,1036630,1998
134,California,450000,83,37350000,12326000,0.62,23157000,7642120,15514880,1998
135,Colorado,27000,72,1944000,1594000,0.7,1360800,1115800,245000,1998
136,Florida,230000,98,22540000,4508000,0.64,14425600,2885120,11540480,1998
137,Georgia,75000,56,4200000,307000,0.69,2898000,211830,2686170,1998
138,Hawaii,8000,118,944000,66000,0.75,708000,49500,658500,1998
139,Idaho,120000,50,6000000,2220000,0.65,3900000,1443000,2457000,1998
140,Illinois,9000,71,639000,204000,1.19,760410,242760,517650,1998
141,Indiana,9000,92,828000,489000,0.85,703800,415650,288150,1998
142,Iowa,50000,78,3900000,2301000,0.7,2730000,1610700,1119300,1998
143,Kansas,16000,46,736000,390000,0.87,640320,339300,301020,1998
144,Kentucky,3000,50,150000,51000,1.4,210000,71400,138600,1998
145,Louisiana,41000,111,4551000,865000,0.59,2685090,510350,2174740,1998
146,Maine,10000,26,260000,117000,0.69,179400,80730,98670,1998
147,Maryland,7000,44,308000,92000,1.1,338800,101200,237600,1998
148,Michigan,80000,85,6800000,3672000,0.66,4488000,2423520,2064480,1998
149,Minnesota,140000,79,11060000,2765000,0.65,7189000,1797250,5391750,1998
150,Mississippi,18000,86,1548000,898000,0.58,897840,520840,377000,1998
151,Missouri,23000,66,1518000,455000,0.76,1153680,345800,807880,1998
152,Montana,115000,122,14030000,5472000,0.64,8979200,3502080,5477120,1998
153,Nebraska,64000,70,4480000,2240000,0.86,3852800,1926400,1926400,1998
154,Nevada,10000,46,460000,175000,1.65,759000,288750,470250,1998
155,NewJersey,11000,49,539000,167000,0.76,409640,126920,282720,1998
156,NewMexico,14000,55,770000,470000,0.76,585200,357200,228000,1998
157,NewYork,65000,80,5200000,2444000,0.7,3640000,1710800,1929200,1998
158,NorthCarolina,8000,59,472000,151000,1.38,651360,208380,442980,1998
159,NorthDakota,230000,128,29440000,8832000,0.63,18547200,5564160,12983040,1998
160,Ohio,18000,78,1404000,702000,0.83,1165320,582660,582660,1998
161,Oklahoma,4000,51,204000,63000,1.24,252960,78120,174840,1998
162,Oregon,50000,45,2250000,1620000,0.9,2025000,1458000,567000,1998
163,Pennsylvania,23000,66,1518000,698000,0.8,1214400,558400,656000,1998
164,SouthDakota,225000,95,21375000,10901000,0.64,13680000,6976640,6703360,1998
165,Tennessee,7000,64,448000,121000,1.32,591360,159720,431640,1998
166,Texas,91000,77,7007000,1612000,0.62,4344340,999440,3344900,1998
167,Utah,30000,58,1740000,557000,0.65,1131000,362050,768950,1998
168,Vermont,6000,64,384000,207000,1.07,410880,221490,189390,1998
169,Virginia,8000,37,296000,86000,1.33,393680,114380,279300,1998
170,Washington,58000,51,2958000,1361000,0.64,1893120,871040,1022080,1998
171,WestVirginia,6000,55,330000,155000,1.14,376200,176700,199500,1998
172,Wisconsin,89000,91,8099000,5264000,0.72,5831280,3790080,2041200,1998
173,Wyoming,46000,60,2760000,524000,0.68,1876800,356320,1520480,1998
174,Alabama,17000,68,1156000,185000,0.56,647360,103600,543760,1999
175,Arizona,52000,62,3224000,1548000,0.62,1998880,959760,1039120,1999
176,Arkansas,52000,89,4628000,2592000,0.53,2452840,1373760,1079080,1999
177,California,505000,60,30300000,10302000,0.53,16059000,5460060,10598940,1999
178,Colorado,27000,76,2052000,1436000,0.68,1395360,976480,418880,1999
179,Florida,228000,102,23256000,4186000,0.53,12325680,2218580,10107100,1999
180,Georgia,65000,51,3315000,497000,0.64,2121600,318080,1803520,1999
181,Hawaii,8000,80,640000,32000,0.78,499200,24960,474240,1999
182,Idaho,120000,48,5760000,3110000,0.59,3398400,1834900,1563500,1999
183,Illinois,9000,66,594000,327000,1.15,683100,376050,307050,1999
184,Indiana,10000,81,810000,437000,0.9,729000,393300,335700,1999
185,Iowa,40000,65,2600000,2028000,0.65,1690000,1318200,371800,1999
186,Kansas,13000,67,871000,854000,1.11,966810,947940,18870,1999
187,Kentucky,3000,50,150000,12000,1.24,186000,14880,171120,1999
188,Louisiana,48000,114,5472000,821000,0.49,2681280,402290,2278990,1999
189,Maine,14000,22,308000,89000,0.83,255640,73870,181770,1999
190,Maryland,6000,46,276000,50000,1.64,452640,82000,370640,1999
191,Michigan,73000,85,6205000,3475000,0.66,4095300,2293500,1801800,1999
192,Minnesota,145000,82,11890000,3210000,0.61,7252900,1958100,5294800,1999
193,Mississippi,18000,73,1314000,591000,0.54,709560,319140,390420,1999
194,Missouri,24000,65,1560000,437000,0.68,1060800,297160,763640,1999
195,Montana,122000,70,8540000,2135000,0.6,5124000,1281000,3843000,1999
196,Nebraska,58000,77,4466000,1965000,0.61,2724260,1198650,1525610,1999
197,Nevada,9000,45,405000,257000,1.54,623700,395780,227920,1999
198,NewJersey,10000,44,440000,154000,0.57,250800,87780,163020,1999
199,NewMexico,15000,52,780000,476000,0.77,600600,366520,234080,1999
200,NewYork,69000,70,4830000,2077000,0.66,3187800,1370820,1816980,1999
201,NorthCarolina,9000,46,414000,104000,1.62,670680,168480,502200,1999
202,NorthDakota,255000,105,26775000,8836000,0.59,15797250,5213240,10584010,1999
203,Ohio,20000,74,1480000,784000,0.72,1065600,564480,501120,1999
204,Oklahoma,6000,45,270000,49000,1.34,361800,65660,296140,1999
205,Oregon,45000,57,2565000,2026000,0.8,2052000,1620800,431200,1999
206,Pennsylvania,25000,60,1500000,705000,0.76,1140000,535800,604200,1999
207,SouthDakota,224000,104,23296000,13046000,0.6,13977600,7827600,6150000,1999
208,Tennessee,8000,51,408000,106000,1.3,530400,137800,392600,1999
209,Texas,108000,81,8748000,2799000,0.64,5598720,1791360,3807360,1999
210,Utah,26000,45,1170000,433000,0.68,795600,294440,501160,1999
211,Vermont,6000,66,396000,222000,0.63,249480,139860,109620,1999
212,Virginia,7000,35,245000,86000,1.17,286650,100620,186030,1999
213,Washington,52000,50,2600000,1170000,0.6,1560000,702000,858000,1999
214,WestVirginia,6000,39,234000,152000,1.09,255060,165680,89380,1999
215,Wisconsin,80000,75,6000000,4560000,0.68,4080000,3100800,979200,1999
216,Wyoming,37000,72,2664000,746000,0.61,1625040,455060,1169980,1999
217,Alabama,16000,78,1248000,187000,0.59,736320,110330,625990,2000
218,Arizona,40000,59,2360000,1322000,0.73,1722800,965060,757740,2000
219,Arkansas,55000,93,5115000,3529000,0.57,2915550,2011530,904020,2000
220,California,440000,70,30800000,11396000,0.58,17864000,6609680,11254320,2000
221,Colorado,29000,60,1740000,957000,0.62,1078800,593340,485460,2000
222,Florida,232000,105,24360000,2923000,0.54,13154400,1578420,11575980,2000
223,Georgia,55000,57,3135000,376000,0.63,1975050,236880,1738170,2000
224,Hawaii,7000,112,784000,125000,0.81,635040,101250,533790,2000
225,Idaho,100000,47,4700000,2679000,0.52,2444000,1393080,1050920,2000
226,Illinois,8000,61,488000,146000,1.17,570960,170820,400140,2000
227,Indiana,8000,65,520000,286000,1.03,535600,294580,241020,2000
228,Iowa,30000,67,2010000,1206000,0.67,1346700,808020,538680,2000
229,Kansas,15000,68,1020000,520000,0.91,928200,473200,455000,2000
230,Kentucky,3000,48,144000,40000,1.35,194400,54000,140400,2000
231,Louisiana,43000,94,4042000,1334000,0.52,2101840,693680,1408160,2000
232,Maine,11000,21,231000,143000,0.75,173250,107250,66000,2000
233,Maryland,6000,46,276000,52000,1.14,314640,59280,255360,2000
234,Michigan,72000,75,5400000,2970000,0.6,3240000,1782000,1458000,2000
235,Minnesota,150000,90,13500000,3105000,0.57,7695000,1769850,5925150,2000
236,Mississippi,17000,72,1224000,649000,0.69,844560,447810,396750,2000
237,Missouri,23000,75,1725000,362000,0.6,1035000,217200,817800,2000
238,Montana,148000,86,12728000,5982000,0.59,7509520,3529380,3980140,2000
239,Nebraska,50000,87,4350000,2610000,0.59,2566500,1539900,1026600,2000
240,Nevada,10000,35,350000,95000,1.45,507500,137750,369750,2000
241,NewJersey,11000,35,385000,200000,0.61,234850,122000,112850,2000
242,NewMexico,15000,64,960000,739000,0.72,691200,532080,159120,2000
243,NewYork,58000,80,4640000,2274000,0.55,2552000,1250700,1301300,2000
244,NorthCarolina,11000,49,539000,243000,1.43,770770,347490,423280,2000
245,NorthDakota,290000,115,33350000,13340000,0.56,18676000,7470400,11205600,2000
246,Ohio,18000,65,1170000,585000,0.79,924300,462150,462150,2000
247,Oklahoma,7000,35,245000,64000,1.26,308700,80640,228060,2000
248,Oregon,48000,51,2448000,1665000,0.66,1615680,1098900,516780,2000
249,Pennsylvania,22000,45,990000,554000,0.76,752400,421040,331360,2000
250,SouthDakota,235000,121,28435000,12796000,0.57,16207950,7293720,8914230,2000
251,Tennessee,9000,61,549000,104000,1.43,785070,148720,636350,2000
252,Texas,105000,79,8295000,2986000,0.57,4728150,1702020,3026130,2000
253,Utah,24000,41,984000,462000,0.6,590400,277200,313200,2000
254,Vermont,7000,59,413000,211000,0.68,280840,143480,137360,2000
255,Virginia,7000,42,294000,103000,1.5,441000,154500,286500,2000
256,Washington,52000,54,2808000,1151000,0.58,1628640,667580,961060,2000
257,WestVirginia,7000,54,378000,234000,1.22,461160,285480,175680,2000
258,Wisconsin,84000,90,7560000,4385000,0.68,5140800,2981800,2159000,2000
259,Wyoming,39000,93,3627000,798000,0.59,2139930,470820,1669110,2000
260,Alabama,14000,73,1022000,235000,0.71,725620,166850,558770,2001
261,Arizona,43000,59,2537000,1142000,0.78,1978860,890760,1088100,2001
262,Arkansas,58000,98,5684000,1872000,0.66,3751440,1235520,2515920,2001
263,California,425000,65,27625000,7735000,0.67,18508750,5182450,13326300,2001
264,Colorado,26000,55,1430000,529000,0.7,1001000,370300,630700,2001
265,Florida,220000,100,22000000,3432000,0.62,13640000,2127840,11512160,2001
266,Georgia,55000,57,3135000,188000,0.7,2194500,131600,2062900,2001
267,Hawaii,8000,87,696000,84000,0.85,591600,71400,520200,2001
268,Idaho,100000,46,4600000,1610000,0.66,3036000,1062600,1973400,2001
269,Illinois,6000,76,456000,251000,1.72,784320,431720,352600,2001
270,Indiana,8000,76,608000,213000,0.86,522880,183180,339700,2001
271,Iowa,33000,51,1683000,875000,0.73,1228590,638750,589840,2001
272,Kansas,13000,51,663000,530000,0.85,563550,450500,113050,2001
273,Kentucky,3000,78,234000,94000,1.31,306540,123140,183400,2001
274,Louisiana,45000,106,4770000,572000,0.6,2862000,343200,2518800,2001
275,Maine,11000,20,220000,106000,0.7,154000,74200,79800,2001
276,Maryland,4000,46,184000,55000,1.72,316480,94600,221880,2001
277,Michigan,76000,60,4560000,2827000,0.78,3556800,2205060,1351740,2001
278,Minnesota,135000,81,10935000,1859000,0.63,6889050,1171170,5717880,2001
279,Mississippi,17000,66,1122000,224000,0.6,673200,134400,538800,2001
280,Missouri,25000,61,1525000,381000,0.68,1037000,259080,777920,2001
281,Montana,136000,102,13872000,4578000,0.65,9016800,2975700,6041100,2001
282,Nebraska,43000,48,2064000,1115000,0.66,1362240,735900,626340,2001
283,Nevada,11000,50,550000,44000,2.01,1105500,88440,1017060,2001
284,NewJersey,11000,34,374000,71000,0.82,306680,58220,248460,2001
285,NewMexico,15000,70,1050000,525000,0.65,682500,341250,341250,2001
286,NewYork,53000,70,3710000,1781000,0.68,2522800,1211080,1311720,2001
287,NorthCarolina,11000,44,484000,145000,1.58,764720,229100,535620,2001
288,NorthDakota,280000,96,26880000,9408000,0.65,17472000,6115200,11356800,2001
289,Ohio,16000,81,1296000,505000,0.85,1101600,429250,672350,2001
290,Oklahoma,4000,47,188000,105000,1.41,265080,148050,117030,2001
291,Oregon,44000,44,1936000,1200000,0.69,1335840,828000,507840,2001
292,Pennsylvania,17000,57,969000,514000,0.87,843030,447180,395850,2001
293,SouthDakota,235000,65,15275000,12220000,0.64,9776000,7820800,1955200,2001
294,Tennessee,9000,59,531000,147000,1.37,727470,201390,526080,2001
295,Texas,97000,79,7663000,1533000,0.64,4904320,981120,3923200,2001
296,Utah,23000,38,874000,315000,0.65,568100,204750,363350,2001
297,Vermont,7000,81,567000,249000,0.91,515970,226590,289380,2001
298,Virginia,9000,52,468000,94000,1.17,547560,109980,437580,2001
299,Washington,42000,52,2184000,917000,0.67,1463280,614390,848890,2001
300,WestVirginia,7000,65,455000,410000,1.55,705250,635500,69750,2001
301,Wisconsin,67000,81,5427000,3419000,0.76,4124520,2598440,1526080,2001
302,Wyoming,38000,77,2926000,468000,0.63,1843380,294840,1548540,2001
303,Alabama,12000,86,1032000,103000,1.11,1145520,114330,1031190,2002
304,Arizona,38000,63,2394000,1197000,1.1,2633400,1316700,1316700,2002
305,Arkansas,55000,88,4840000,1065000,1.24,6001600,1320600,4681000,2002
306,California,440000,53,23320000,3498000,1.29,30082800,4512420,25570380,2002
307,Colorado,24000,60,1440000,576000,1.22,1756800,702720,1054080,2002
308,Florida,220000,93,20460000,2026000,1.12,22915200,2269120,20646080,2002
309,Georgia,50000,52,2600000,52000,1.1,2860000,57200,2802800,2002
310,Hawaii,7000,136,952000,29000,1.1,1047200,31900,1015300,2002
311,Idaho,100000,57,5700000,1653000,1.35,7695000,2231550,5463450,2002
312,Illinois,9000,80,720000,130000,1.42,1022400,184600,837800,2002
313,Indiana,8000,62,496000,233000,1.14,565440,265620,299820,2002
314,Iowa,33000,70,2310000,901000,1.37,3164700,1234370,1930330,2002
315,Kansas,17000,52,884000,407000,1.56,1379040,634920,744120,2002
316,Kentucky,3000,54,162000,47000,1.65,267300,77550,189750,2002
317,Louisiana,35000,124,4340000,347000,1.14,4947600,395580,4552020,2002
318,Maine,11000,41,451000,266000,1.21,545710,321860,223850,2002
319,Maryland,3000,46,138000,21000,1.75,241500,36750,204750,2002
320,Michigan,72000,77,5544000,1885000,1.34,7428960,2525900,4903060,2002
321,Minnesota,117000,73,8541000,1110000,1.42,12128220,1576200,10552020,2002
322,Mississippi,18000,78,1404000,281000,1.18,1656720,331580,1325140,2002
323,Missouri,18000,53,954000,200000,1.37,1306980,274000,1032980,2002
324,Montana,134000,63,8442000,1097000,1.35,11396700,1480950,9915750,2002
325,Nebraska,43000,75,3225000,1161000,1.45,4676250,1683450,2992800,2002
326,Nevada,9000,62,558000,61000,2.27,1266660,138470,1128190,2002
327,NewJersey,10000,35,350000,74000,0.98,343000,72520,270480,2002
328,NewMexico,11000,44,484000,252000,1.09,527560,274680,252880,2002
329,NewYork,60000,98,5880000,2470000,1.17,6879600,2889900,3989700,2002
330,NorthCarolina,14000,51,714000,86000,1.36,971040,116960,854080,2002
331,NorthDakota,320000,75,24000000,8160000,1.42,34080000,11587200,22492800,2002
332,Ohio,16000,81,1296000,518000,1.4,1814400,725200,1089200,2002
333,Oklahoma,3000,53,159000,51000,1.6,254400,81600,172800,2002
334,Oregon,39000,49,1911000,803000,1.28,2446080,1027840,1418240,2002
335,Pennsylvania,18000,57,1026000,513000,1.3,1333800,666900,666900,2002
336,SouthCarolina,5000,94,470000,14000,1.25,587500,17500,570000,2002
337,SouthDakota,225000,51,11475000,2410000,1.4,16065000,3374000,12691000,2002
338,Tennessee,8000,61,488000,137000,1.37,668560,187690,480870,2002
339,Texas,114000,67,7638000,985000,1.09,8325420,1073650,7251770,2002
340,Utah,22000,59,1298000,208000,1.29,1674420,268320,1406100,2002
341,Vermont,7000,89,623000,274000,1.19,741370,326060,415310,2002
342,Virginia,7000,38,266000,69000,1.86,494760,128340,366420,2002
343,Washington,44000,51,2244000,494000,1.25,2805000,617500,2187500,2002
344,WestVirginia,9000,51,459000,151000,1.37,628830,206870,421960,2002
345,Wisconsin,70000,95,6650000,2461000,1.3,8645000,3199300,5445700,2002
346,Wyoming,38000,63,2394000,383000,1.39,3327660,532370,2795290,2002
347,Alabama,13000,82,1066000,43000,1.26,1343160,54180,1288980,2003
348,Arizona,40000,72,2880000,1123000,1.38,3974400,1549740,2424660,2003
349,Arkansas,40000,75,3000000,810000,1.27,3810000,1028700,2781300,2003
350,California,480000,67,32160000,6432000,1.42,45667200,9133440,36533760,2003
351,Colorado,24000,86,2064000,722000,1.38,2848320,996360,1851960,2003
352,Florida,210000,71,14910000,1491000,1.35,20128500,2012850,18115650,2003
353,Georgia,52000,65,3380000,270000,1.28,4326400,345600,3980800,2003
354,Hawaii,7000,113,791000,43000,1.43,1131130,61490,1069640,2003
355,Idaho,100000,46,4600000,1380000,1.35,6210000,1863000,4347000,2003
356,Illinois,7000,60,420000,252000,1.73,726600,435960,290640,2003
357,Indiana,5000,56,280000,78000,1.59,445200,124020,321180,2003
358,Iowa,32000,59,1888000,868000,1.45,2737600,1258600,1479000,2003
359,Kansas,16000,57,912000,447000,1.58,1440960,706260,734700,2003
360,Kentucky,5000,48,240000,14000,1.64,393600,22960,370640,2003
361,Louisiana,34000,90,3060000,275000,1.24,3794400,341000,3453400,2003
362,Maine,8000,33,264000,145000,1.4,369600,203000,166600,2003
363,Maryland,2000,42,84000,21000,1.91,160440,40110,120330,2003
364,Michigan,65000,74,4810000,1732000,1.47,7070700,2546040,4524660,2003
365,Minnesota,120000,83,9960000,1892000,1.46,14541600,2762320,11779280,2003
366,Mississippi,21000,69,1449000,246000,1.28,1854720,314880,1539840,2003
367,Missouri,17000,53,901000,189000,1.41,1270410,266490,1003920,2003
368,Montana,145000,66,9570000,1914000,1.48,14163600,2832720,11330880,2003
369,Nebraska,45000,74,3330000,1299000,1.43,4761900,1857570,2904330,2003
370,Nevada,6000,64,384000,46000,2.41,925440,110860,814580,2003
371,NewJersey,10000,19,190000,101000,1.57,298300,158570,139730,2003
372,NewMexico,6000,41,246000,108000,1.16,285360,125280,160080,2003
373,NewYork,67000,72,4824000,1640000,1.4,6753600,2296000,4457600,2003
374,NorthCarolina,10000,44,440000,79000,1.9,836000,150100,685900,2003
375,NorthDakota,340000,87,29580000,6803000,1.36,40228800,9252080,30976720,2003
376,Ohio,15000,50,750000,278000,1.43,1072500,397540,674960,2003
377,Oklahoma,3000,47,141000,69000,1.83,258030,126270,131760,2003
378,Oregon,42000,51,2142000,964000,1.26,2698920,1214640,1484280,2003
379,Pennsylvania,27000,50,1350000,419000,1.32,1782000,553080,1228920,2003
380,SouthCarolina,6000,70,420000,13000,1.95,819000,25350,793650,2003
381,SouthDakota,200000,70,14000000,2520000,1.46,20440000,3679200,16760800,2003
382,Tennessee,7000,40,280000,53000,1.53,428400,81090,347310,2003
383,Texas,140000,67,9380000,1126000,1.42,13319600,1598920,11720680,2003
384,Utah,23000,57,1311000,144000,1.3,1704300,187200,1517100,2003
385,Vermont,7000,83,581000,163000,1.92,1115520,312960,802560,2003
386,Virginia,6000,37,222000,69000,1.69,375180,116610,258570,2003
387,Washington,58000,56,3248000,942000,1.52,4936960,1431840,3505120,2003
388,WestVirginia,8000,47,376000,194000,2.01,755760,389940,365820,2003
389,Wisconsin,74000,77,5698000,2678000,1.44,8205120,3856320,4348800,2003
390,Wyoming,39000,81,3159000,474000,1.4,4422600,663600,3759000,2003
391,Alabama,12000,87,1044000,282000,1.4,1461600,394800,1066800,2004
392,Arizona,32000,55,1760000,774000,1.15,2024000,890100,1133900,2004
393,Arkansas,40000,57,2280000,388000,0.9,2052000,349200,1702800,2004
394,California,390000,45,17550000,5792000,1.01,17725500,5849920,11875580,2004
395,Colorado,23000,80,1840000,791000,1.48,2723200,1170680,1552520,2004
396,Florida,205000,98,20090000,2009000,1,20090000,2009000,18081000,2004
397,Georgia,63000,49,3087000,648000,1.18,3642660,764640,2878020,2004
398,Hawaii,8000,96,768000,77000,1.41,1082880,108570,974310,2004
399,Idaho,100000,63,6300000,2520000,1.01,6363000,2545200,3817800,2004
400,Illinois,7000,55,385000,193000,1.93,743050,372490,370560,2004
401,Indiana,7000,59,413000,145000,1.58,652540,229100,423440,2004
402,Iowa,35000,67,2345000,1337000,1.28,3001600,1711360,1290240,2004
403,Kansas,14000,80,1120000,683000,1.23,1377600,840090,537510,2004
404,Louisiana,35000,98,3430000,240000,0.79,2709700,189600,2520100,2004
405,Maine,7000,31,217000,37000,1.27,275590,46990,228600,2004
406,Michigan,65000,67,4355000,2439000,1.17,5095350,2853630,2241720,2004
407,Minnesota,135000,75,10125000,1924000,1.04,10530000,2000960,8529040,2004
408,Mississippi,18000,65,1170000,421000,0.8,936000,336800,599200,2004
409,Missouri,16000,41,656000,151000,1.37,898720,206870,691850,2004
410,Montana,140000,77,10780000,3773000,1.06,11426800,3999380,7427420,2004
411,Nebraska,51000,89,4539000,2043000,1.07,4856730,2186010,2670720,2004
412,Nevada,14000,55,770000,316000,3.3,2541000,1042800,1498200,2004
413,NewJersey,12000,27,324000,45000,1.38,447120,62100,385020,2004
414,NewMexico,8000,44,352000,127000,1.22,429440,154940,274500,2004
415,NewYork,64000,67,4288000,1887000,1.33,5703040,2509710,3193330,2004
416,NorthCarolina,9000,40,360000,72000,2.18,784800,156960,627840,2004
417,NorthDakota,390000,78,30420000,9126000,1.05,31941000,9582300,22358700,2004
418,Ohio,16000,58,928000,353000,1.5,1392000,529500,862500,2004
419,Oregon,42000,54,2268000,1111000,1.24,2812320,1377640,1434680,2004
420,Pennsylvania,30000,54,1620000,810000,1.38,2235600,1117800,1117800,2004
421,SouthDakota,215000,105,22575000,13545000,1.06,23929500,14357700,9571800,2004
422,Tennessee,6000,54,324000,91000,1.72,557280,156520,400760,2004
423,Texas,116000,76,8816000,1411000,0.96,8463360,1354560,7108800,2004
424,Utah,23000,70,1610000,531000,1.04,1674400,552240,1122160,2004
425,Vermont,6000,68,408000,192000,1.45,591600,278400,313200,2004
426,Virginia,7000,38,266000,69000,2.13,566580,146970,419610,2004
427,Washington,56000,63,3528000,1376000,1.03,3633840,1417280,2216560,2004
428,WestVirginia,9000,55,495000,183000,1.42,702900,259860,443040,2004
429,Wisconsin,68000,86,5848000,2632000,1.33,7777840,3500560,4277280,2004
430,Wyoming,39000,75,2925000,380000,1.09,3188250,414200,2774050,2004
431,Alabama,13000,66,858000,266000,1.28,1098240,340480,757760,2005
432,Arizona,36000,50,1800000,720000,0.97,1746000,698400,1047600,2005
433,Arkansas,36000,69,2484000,571000,0.95,2359800,542450,1817350,2005
434,California,400000,75,30000000,9300000,0.84,25200000,7812000,17388000,2005
435,Colorado,26000,70,1820000,837000,1.04,1892800,870480,1022320,2005
436,Florida,160000,86,13760000,2477000,0.87,11971200,2154990,9816210,2005
437,Georgia,59000,49,2891000,434000,0.84,2428440,364560,2063880,2005
438,Hawaii,9000,131,1179000,283000,1.34,1579860,379220,1200640,2005
439,Idaho,95000,37,3515000,1793000,0.8,2812000,1434400,1377600,2005
440,Illinois,8000,85,680000,408000,1.62,1101600,660960,440640,2005
441,Indiana,8000,64,512000,189000,1.19,609280,224910,384370,2005
442,Iowa,28000,88,2464000,1232000,0.98,2414720,1207360,1207360,2005
443,Kansas,16000,50,800000,328000,1.24,992000,406720,585280,2005
444,Kentucky,5000,50,250000,40000,2.12,530000,84800,445200,2005
445,Louisiana,35000,97,3395000,611000,0.71,2410450,433810,1976640,2005
446,Maine,8000,26,208000,193000,1.87,388960,360910,28050,2005
447,Michigan,65000,68,4420000,2519000,0.99,4375800,2493810,1881990,2005
448,Minnesota,120000,74,8880000,1598000,0.83,7370400,1326340,6044060,2005
449,Mississippi,16000,80,1280000,346000,0.66,844800,228360,616440,2005
450,Missouri,15000,50,750000,180000,1.21,907500,217800,689700,2005
451,Montana,130000,67,8710000,3136000,0.8,6968000,2508800,4459200,2005
452,Nebraska,40000,68,2720000,2530000,0.89,2420800,2251700,169100,2005
453,Nevada,12000,46,552000,442000,2.09,1153680,923780,229900,2005
454,NewJersey,12000,32,384000,104000,1.18,453120,122720,330400,2005
455,NewMexico,7000,49,343000,113000,1.02,349860,115260,234600,2005
456,NewYork,60000,73,4380000,2321000,1.22,5343600,2831620,2511980,2005
457,NorthCarolina,10000,54,540000,146000,1.94,1047600,283240,764360,2005
458,NorthDakota,370000,91,33670000,8418000,0.81,27272700,6818580,20454120,2005
459,Ohio,15000,69,1035000,580000,1.41,1459350,817800,641550,2005
460,Oregon,39000,42,1638000,557000,1.08,1769040,601560,1167480,2005
461,Pennsylvania,28000,56,1568000,800000,1.05,1646400,840000,806400,2005
462,SouthDakota,220000,79,17380000,11818000,0.76,13208800,8981680,4227120,2005
463,Tennessee,7000,55,385000,92000,1.64,631400,150880,480520,2005
464,Texas,84000,71,5964000,954000,0.85,5069400,810900,4258500,2005
465,Utah,23000,45,1035000,331000,1.03,1066050,340930,725120,2005
466,Vermont,6000,91,546000,169000,1.06,578760,179140,399620,2005
467,Virginia,8000,37,296000,59000,2.21,654160,130390,523770,2005
468,Washington,51000,55,2805000,1935000,1.06,2973300,2051100,922200,2005
469,WestVirginia,8000,51,408000,102000,1.24,505920,126480,379440,2005
470,Wisconsin,64000,83,5312000,2922000,1.14,6055680,3331080,2724600,2005
471,Wyoming,40000,56,2240000,291000,0.87,1948800,253170,1695630,2005
472,Alabama,11000,72,792000,230000,1.46,1156320,335800,820520,2006
473,Arizona,30000,65,1950000,839000,1.39,2710500,1166210,1544290,2006
474,Arkansas,32000,76,2432000,730000,1.05,2553600,766500,1787100,2006
475,California,380000,52,19760000,7706000,0.98,19364800,7551880,11812920,2006
476,Colorado,36000,75,2700000,1458000,1.39,3753000,2026620,1726380,2006
477,Florida,170000,81,13770000,1790000,1.01,13907700,1807900,12099800,2006
478,Georgia,63000,74,4662000,746000,1.16,5407920,865360,4542560,2006
479,Hawaii,10000,93,930000,233000,1.19,1106700,277270,829430,2006
480,Idaho,95000,44,4180000,2592000,0.86,3594800,2229120,1365680,2006
481,Illinois,10000,66,660000,356000,1.88,1240800,669280,571520,2006
482,Indiana,6000,54,324000,107000,1.51,489240,161570,327670,2006
483,Iowa,26000,84,2184000,1441000,1.15,2511600,1657150,854450,2006
484,Kansas,14000,55,770000,246000,1.4,1078000,344400,733600,2006
485,Kentucky,5000,56,280000,70000,2.2,616000,154000,462000,2006
486,Louisiana,30000,90,2700000,675000,0.89,2403000,600750,1802250,2006
487,Maine,11000,23,253000,86000,2,506000,172000,334000,2006
488,Michigan,72000,55,3960000,2099000,1.28,5068800,2686720,2382080,2006
489,Minnesota,125000,80,10000000,3300000,0.89,8900000,2937000,5963000,2006
490,Mississippi,14000,98,1372000,453000,1.05,1440600,475650,964950,2006
491,Missouri,15000,46,690000,117000,1.49,1028100,174330,853770,2006
492,Montana,132000,79,10428000,1981000,1,10428000,1981000,8447000,2006
493,Nebraska,47000,73,3431000,3843000,1.04,3568240,3996720,-428480,2006
494,Nevada,9000,37,333000,50000,3.55,1182150,177500,1004650,2006
495,NewJersey,9000,36,324000,152000,1.15,372600,174800,197800,2006
496,NewMexico,7000,48,336000,104000,0.96,322560,99840,222720,2006
497,NewYork,60000,64,3840000,2458000,1.38,5299200,3392040,1907160,2006
498,NorthCarolina,10000,50,500000,215000,1.56,780000,335400,444600,2006
499,NorthDakota,350000,74,25900000,7770000,0.9,23310000,6993000,16317000,2006
500,Ohio,14000,56,784000,282000,1.45,1136800,408900,727900,2006
501,Oregon,46000,48,2208000,729000,1.11,2450880,809190,1641690,2006
502,Pennsylvania,28000,40,1120000,605000,1.61,1803200,974050,829150,2006
503,SouthDakota,225000,47,10575000,10575000,0.82,8671500,8671500,0,2006
504,Tennessee,7000,55,385000,58000,1.84,708400,106720,601680,2006
505,Texas,82000,70,5740000,976000,0.87,4993800,849120,4144680,2006
506,Utah,23000,50,1150000,265000,1.05,1207500,278250,929250,2006
507,Vermont,6000,56,336000,144000,1.21,406560,174240,232320,2006
508,Virginia,8000,42,336000,114000,2.19,735840,249660,486180,2006
509,Washington,49000,52,2548000,1605000,1.19,3032120,1909950,1122170,2006
510,WestVirginia,5000,42,210000,57000,1.95,409500,111150,298350,2006
511,Wisconsin,64000,93,5952000,2500000,1.14,6785280,2850000,3935280,2006
512,Wyoming,39000,85,3315000,497000,0.88,2917200,437360,2479840,2006
513,Alabama,11000,56,616000,209000,1.41,868560,294690,573870,2007
514,Arizona,30000,64,1920000,902000,1.18,2265600,1064360,1201240,2007
515,Arkansas,28000,80,2240000,717000,0.95,2128000,681150,1446850,2007
516,California,340000,40,13600000,3672000,1.04,14144000,3818880,10325120,2007
517,Colorado,33000,51,1683000,892000,1.12,1884960,999040,885920,2007
518,Florida,160000,71,11360000,1363000,0.99,11246400,1349370,9897030,2007
519,Georgia,60000,58,3480000,522000,1.14,3967200,595080,3372120,2007
520,Hawaii,10000,92,920000,285000,1.58,1453600,450300,1003300,2007
521,Idaho,92000,41,3772000,1848000,1.08,4073760,1995840,2077920,2007
522,Illinois,9000,63,567000,374000,2.4,1360800,897600,463200,2007
523,Indiana,7000,51,357000,100000,1.39,496230,139000,357230,2007
524,Iowa,26000,81,2106000,1221000,1.26,2653560,1538460,1115100,2007
525,Kansas,14000,40,560000,196000,1.12,627200,219520,407680,2007
526,Kentucky,4000,61,244000,54000,2.08,507520,112320,395200,2007
527,Louisiana,29000,89,2581000,413000,1.08,2787480,446040,2341440,2007
528,Maine,9000,26,234000,59000,1.39,325260,82010,243250,2007
529,Michigan,72000,64,4608000,2350000,1.14,5253120,2679000,2574120,2007
530,Minnesota,130000,68,8840000,2564000,0.99,8751600,2538360,6213240,2007
531,Mississippi,15000,105,1575000,189000,0.9,1417500,170100,1247400,2007
532,Missouri,13000,47,611000,141000,1.05,641550,148050,493500,2007
533,Montana,135000,68,9180000,2203000,0.94,8629200,2070820,6558380,2007
534,Nebraska,45000,49,2205000,1477000,0.98,2160900,1447460,713440,2007
535,Nevada,10000,28,280000,67000,3.6,1008000,241200,766800,2007
536,NewJersey,9000,57,513000,185000,2.17,1113210,401450,711760,2007
537,NewMexico,6000,59,354000,138000,1.36,481440,187680,293760,2007
538,NewYork,56000,57,3192000,1947000,1.42,4532640,2764740,1767900,2007
539,NorthCarolina,11000,45,495000,69000,2.25,1113750,155250,958500,2007
540,NorthDakota,420000,74,31080000,9013000,0.92,28593600,8291960,20301640,2007
541,Ohio,14000,61,854000,376000,1.75,1494500,658000,836500,2007
542,Oregon,44000,43,1892000,1041000,1.21,2289320,1259610,1029710,2007
543,Pennsylvania,25000,42,1050000,326000,1.63,1711500,531380,1180120,2007
544,SouthDakota,255000,52,13260000,10608000,0.93,12331800,9865440,2466360,2007
545,Tennessee,7000,65,455000,114000,1.95,887250,222300,664950,2007
546,Texas,105000,82,8610000,1550000,0.95,8179500,1472500,6707000,2007
547,Utah,25000,39,975000,224000,1.12,1092000,250880,841120,2007
548,Vermont,5000,64,320000,96000,1.26,403200,120960,282240,2007
549,Virginia,6000,46,276000,63000,2.35,648600,148050,500550,2007
550,Washington,46000,44,2024000,648000,1.25,2530000,810000,1720000,2007
551,WestVirginia,5000,48,240000,79000,1.96,470400,154840,315560,2007
552,Wisconsin,60000,84,5040000,3024000,1.15,5796000,3477600,2318400,2007
553,Wyoming,43000,80,3440000,894000,1.03,3543200,920820,2622380,2007
554,Alabama,9000,66,594000,214000,1.86,1104840,398040,706800,2008
555,Arizona,25000,64,1600000,336000,1.25,2000000,420000,1580000,2008
556,Arkansas,28000,75,2100000,525000,1.31,2751000,687750,2063250,2008
557,California,360000,51,18360000,4039000,1.41,25887600,5694990,20192610,2008
558,Colorado,27000,45,1215000,656000,1.5,1822500,984000,838500,2008
559,Florida,150000,79,11850000,1304000,1.3,15405000,1695200,13709800,2008
560,Georgia,55000,71,3905000,312000,1.49,5818450,464880,5353570,2008
561,Hawaii,10000,90,900000,225000,1.48,1332000,333000,999000,2008
562,Idaho,90000,40,3600000,1440000,1.42,5112000,2044800,3067200,2008
563,Illinois,8000,56,448000,116000,2.46,1102080,285360,816720,2008
564,Indiana,6000,67,402000,129000,1.61,647220,207690,439530,2008
565,Iowa,24000,62,1488000,580000,1.56,2321280,904800,1416480,2008
566,Kansas,10000,61,610000,128000,1.52,927200,194560,732640,2008
567,Kentucky,4000,39,156000,27000,2.36,368160,63720,304440,2008
568,Louisiana,29000,77,2233000,246000,1.33,2969890,327180,2642710,2008
569,Maine,7000,42,294000,79000,1.5,441000,118500,322500,2008
570,Michigan,71000,73,5183000,2021000,1.43,7411690,2890030,4521660,2008
571,Minnesota,122000,78,9516000,2569000,1.39,13227240,3570910,9656330,2008
572,Mississippi,14000,98,1372000,110000,1.3,1783600,143000,1640600,2008
573,Missouri,11000,53,583000,152000,1.78,1037740,270560,767180,2008
574,Montana,134000,70,9380000,4596000,1.37,12850600,6296520,6554080,2008
575,Nebraska,36000,67,2412000,1254000,1.42,3425040,1780680,1644360,2008
576,Nevada,10000,29,290000,52000,2.37,687300,123240,564060,2008
577,NewJersey,9000,40,360000,122000,1.58,568800,192760,376040,2008
578,NewMexico,6000,48,288000,95000,1.48,426240,140600,285640,2008
579,NewYork,50000,70,3500000,1260000,1.5,5250000,1890000,3360000,2008
580,NorthCarolina,12000,52,624000,137000,2.12,1322880,290440,1032440,2008
581,NorthDakota,390000,90,35100000,8424000,1.35,47385000,11372400,36012600,2008
582,Ohio,14000,53,742000,371000,1.88,1394960,697480,697480,2008
583,Oregon,50000,43,2150000,1097000,1.48,3182000,1623560,1558440,2008
584,Pennsylvania,23000,48,1104000,276000,1.65,1821600,455400,1366200,2008
585,SouthDakota,225000,95,21375000,11970000,1.34,28642500,16039800,12602700,2008
586,Tennessee,7000,61,427000,149000,2.04,871080,303960,567120,2008
587,Texas,77000,64,4928000,1380000,1.34,6603520,1849200,4754320,2008
588,Utah,28000,48,1344000,242000,1.56,2096640,377520,1719120,2008
589,Vermont,5000,66,330000,119000,1.79,590700,213010,377690,2008
590,Virginia,6000,42,252000,45000,2.18,549360,98100,451260,2008
591,Washington,41000,44,1804000,722000,1.5,2706000,1083000,1623000,2008
592,WestVirginia,6000,43,258000,49000,1.98,510840,97020,413820,2008
593,Wisconsin,58000,80,4640000,2366000,1.4,6496000,3312400,3183600,2008
594,Wyoming,39000,61,2379000,381000,1.37,3259230,521970,2737260,2008
595,Alabama,9000,49,441000,66000,1.82,802620,120120,682500,2009
596,Arizona,20000,52,1040000,562000,1.53,1591200,859860,731340,2009
597,Arkansas,24000,57,1368000,301000,1.39,1901520,418390,1483130,2009
598,California,355000,33,11715000,2109000,1.39,16283850,2931510,13352340,2009
599,Colorado,28000,53,1484000,326000,1.4,2077600,456400,1621200,2009
600,Florida,150000,68,10200000,1428000,1.38,14076000,1970640,12105360,2009
601,Georgia,65000,41,2665000,346000,1.47,3917550,508620,3408930,2009
602,Hawaii,10000,95,950000,323000,1.63,1548500,526490,1022010,2009
603,Idaho,103000,46,4738000,1706000,1.45,6870100,2473700,4396400,2009
604,Illinois,8000,34,272000,57000,2.26,614720,128820,485900,2009
605,Indiana,9000,32,288000,101000,1.98,570240,199980,370260,2009
606,Iowa,26000,42,1092000,339000,1.51,1648920,511890,1137030,2009
607,Kansas,9000,63,567000,164000,1.89,1071630,309960,761670,2009
608,Kentucky,5000,35,175000,25000,2.73,477750,68250,409500,2009
609,Louisiana,37000,103,3811000,610000,1.32,5030520,805200,4225320,2009
610,Maine,6000,50,300000,51000,1.86,558000,94860,463140,2009
611,Michigan,66000,60,3960000,1505000,1.51,5979600,2272550,3707050,2009
612,Minnesota,122000,65,7930000,1427000,1.4,11102000,1997800,9104200,2009
613,Mississippi,14000,104,1456000,87000,1.32,1921920,114840,1807080,2009
614,Missouri,11000,47,517000,57000,1.98,1023660,112860,910800,2009
615,Montana,146000,70,10220000,3577000,1.45,14819000,5186650,9632350,2009
616,Nebraska,48000,56,2688000,1102000,1.44,3870720,1586880,2283840,2009
617,Nevada,10000,52,520000,57000,1.29,670800,73530,597270,2009
618,NewJersey,9000,32,288000,46000,1.93,555840,88780,467060,2009
619,NewMexico,7000,60,420000,143000,1.63,684600,233090,451510,2009
620,NewYork,47000,65,3055000,978000,1.83,5590650,1789740,3800910,2009
621,NorthCarolina,11000,45,495000,84000,2.52,1247400,211680,1035720,2009
622,NorthDakota,450000,77,34650000,7623000,1.37,47470500,10443510,37026990,2009
623,Ohio,11000,50,550000,132000,2.75,1512500,363000,1149500,2009
624,Oregon,55000,34,1870000,767000,1.49,2786300,1142830,1643470,2009
625,Pennsylvania,21000,40,840000,319000,1.99,1671600,634810,1036790,2009
626,SouthDakota,270000,66,17820000,6237000,1.39,24769800,8669430,16100370,2009
627,Tennessee,7000,51,357000,86000,2.35,838950,202100,636850,2009
628,Texas,74000,63,4662000,886000,1.38,6433560,1222680,5210880,2009
629,Utah,26000,38,988000,198000,1.47,1452360,291060,1161300,2009
630,Vermont,5000,49,245000,69000,2.36,578200,162840,415360,2009
631,Virginia,6000,39,234000,56000,3.28,767520,183680,583840,2009
632,Washington,62000,44,2728000,1064000,1.49,4064720,1585360,2479360,2009
633,WestVirginia,5000,37,185000,33000,2.67,493950,88110,405840,2009
634,Wisconsin,63000,60,3780000,1588000,1.51,5707800,2397880,3309920,2009
635,Wyoming,37000,48,1776000,391000,1.43,2539680,559130,1980550,2009
636,Alabama,9000,54,486000,73000,2.4,1166400,175200,991200,2010
637,Arizona,24000,77,1848000,665000,1.52,2808960,1010800,1798160,2010
638,Arkansas,25000,60,1500000,360000,1.47,2205000,529200,1675800,2010
639,California,410000,67,27470000,6318000,1.55,42578500,9792900,32785600,2010
640,Colorado,34000,56,1904000,533000,1.52,2894080,810160,2083920,2010
641,Florida,200000,69,13800000,1794000,1.56,21528000,2798640,18729360,2010
642,Georgia,55000,46,2530000,152000,1.67,4225100,253840,3971260,2010
643,Hawaii,10000,77,770000,239000,2.75,2117500,657250,1460250,2010
644,Idaho,97000,27,2619000,1179000,1.61,4216590,1898190,2318400,2010
645,Illinois,9000,41,369000,92000,2.78,1025820,255760,770060,2010
646,Indiana,10000,43,430000,151000,2.23,958900,336730,622170,2010
647,Iowa,27000,49,1323000,463000,1.92,2540160,888960,1651200,2010
648,Kansas,9000,52,468000,103000,2.02,945360,208060,737300,2010
649,Kentucky,5000,67,335000,67000,2.72,911200,182240,728960,2010
650,Louisiana,36000,80,2880000,288000,1.5,4320000,432000,3888000,2010
651,Maine,5000,41,205000,33000,2.05,420250,67650,352600,2010
652,Michigan,71000,58,4118000,1524000,1.67,6877060,2545080,4331980,2010
653,Minnesota,128000,66,8448000,1774000,1.55,13094400,2749700,10344700,2010
654,Mississippi,16000,98,1568000,78000,1.44,2257920,112320,2145600,2010
655,Missouri,11000,52,572000,92000,1.8,1029600,165600,864000,2010
656,Montana,157000,74,11618000,2905000,1.58,18356440,4589900,13766540,2010
657,Nebraska,41000,55,2255000,902000,1.51,3405050,1362020,2043030,2010
658,NewJersey,13000,35,455000,73000,1.9,864500,138700,725800,2010
659,NewMexico,7000,66,462000,157000,1.58,729960,248060,481900,2010
660,NewYork,45000,64,2880000,1123000,1.96,5644800,2201080,3443720,2010
661,NorthCarolina,13000,46,598000,144000,2.66,1590680,383040,1207640,2010
662,NorthDakota,510000,91,46410000,12995000,1.5,69615000,19492500,50122500,2010
663,Ohio,18000,62,1116000,346000,2.28,2544480,788880,1755600,2010
664,Oregon,59000,39,2301000,874000,1.63,3750630,1424620,2326010,2010
665,Pennsylvania,30000,37,1110000,377000,2.13,2364300,803010,1561290,2010
666,SouthDakota,265000,58,15370000,4765000,1.51,23208700,7195150,16013550,2010
667,Tennessee,8000,63,504000,106000,2.5,1260000,265000,995000,2010
668,Texas,100000,72,7200000,792000,1.51,10872000,1195920,9676080,2010
669,Utah,26000,30,780000,195000,1.53,1193400,298350,895050,2010
670,Vermont,4000,65,260000,73000,3.1,806000,226300,579700,2010
671,Virginia,5000,37,185000,37000,3.32,614200,122840,491360,2010
672,Washington,71000,37,2627000,1077000,1.57,4124390,1690890,2433500,2010
673,WestVirginia,5000,40,200000,40000,2.39,478000,95600,382400,2010
674,Wisconsin,64000,64,4096000,1556000,1.68,6881280,2614080,4267200,2010
675,Wyoming,34000,36,1224000,282000,1.59,1946160,448380,1497780,2010
676,Alabama,9000,50,450000,63000,2.51,1129500,158130,971370,2011
677,Arizona,23000,53,1219000,427000,1.55,1889450,661850,1227600,2011
678,Arkansas,22000,64,1408000,239000,1.62,2280960,387180,1893780,2011
679,California,370000,48,17760000,3730000,1.65,29304000,6154500,23149500,2011
680,Colorado,31000,55,1705000,443000,2,3410000,886000,2524000,2011
681,Florida,180000,61,10980000,988000,1.68,18446400,1659840,16786560,2011
682,Georgia,65000,43,2795000,196000,1.65,4611750,323400,4288350,2011
683,Hawaii,9000,74,666000,246000,3.65,2430900,897900,1533000,2011
684,Idaho,87000,36,3132000,1879000,1.78,5574960,3344620,2230340,2011
685,Illinois,7000,50,350000,98000,3.9,1365000,382200,982800,2011
686,Indiana,8000,51,408000,147000,2.14,873120,314580,558540,2011
687,Iowa,25000,62,1550000,961000,1.96,3038000,1883560,1154440,2011
688,Kansas,7000,44,308000,117000,2.15,662200,251550,410650,2011
689,Kentucky,4000,39,156000,12000,3.17,494520,38040,456480,2011
690,Louisiana,36000,77,2772000,471000,1.67,4629240,786570,3842670,2011
691,Maine,4000,30,120000,17000,1.98,237600,33660,203940,2011
692,Michigan,74000,64,4736000,2084000,1.81,8572160,3772040,4800120,2011
693,Minnesota,120000,53,6360000,2099000,1.63,10366800,3421370,6945430,2011
694,Mississippi,18000,115,2070000,104000,1.53,3167100,159120,3007980,2011
695,Missouri,8000,43,344000,76000,2.14,736160,162640,573520,2011
696,Montana,145000,92,13340000,3202000,1.7,22678000,5443400,17234600,2011
697,Nebraska,41000,59,2419000,653000,1.75,4233250,1142750,3090500,2011
698,NewJersey,11000,41,451000,135000,3.7,1668700,499500,1169200,2011
699,NewMexico,7000,56,392000,153000,1.69,662480,258570,403910,2011
700,NewYork,49000,56,2744000,1235000,1.96,5378240,2420600,2957640,2011
701,NorthCarolina,14000,62,868000,95000,2.83,2456440,268850,2187590,2011
702,NorthDakota,460000,71,32660000,7512000,1.67,54542200,12545040,41997160,2011
703,Ohio,15000,66,990000,228000,2.34,2316600,533520,1783080,2011
704,Oregon,60000,34,2040000,755000,1.68,3427200,1268400,2158800,2011
705,Pennsylvania,24000,44,1056000,306000,2.55,2692800,780300,1912500,2011
706,SouthDakota,250000,66,16500000,4290000,1.7,28050000,7293000,20757000,2011
707,Tennessee,7000,44,308000,68000,2.93,902440,199240,703200,2011
708,Texas,78000,58,4524000,633000,1.78,8052720,1126740,6925980,2011
709,Utah,23000,39,897000,170000,1.75,1569750,297500,1272250,2011
710,Vermont,4000,43,172000,43000,2.31,397320,99330,297990,2011
711,Virginia,4000,40,160000,21000,4.07,651200,85470,565730,2011
712,Washington,71000,38,2698000,836000,1.93,5207140,1613480,3593660,2011
713,WestVirginia,4000,53,212000,45000,2.57,544840,115650,429190,2011
714,Wisconsin,57000,63,3591000,1508000,1.89,6786990,2850120,3936870,2011
715,Wyoming,35000,54,1890000,265000,1.72,3250800,455800,2795000,2011
716,Alabama,8000,54,432000,65000,2.47,1067040,160550,906490,2012
717,Arizona,22000,46,1012000,253000,1.79,1811480,452870,1358610,2012
718,Arkansas,25000,63,1575000,189000,1.98,3118500,374220,2744280,2012
719,California,330000,35,11550000,3119000,1.94,22407000,6050860,16356140,2012
720,Colorado,25000,48,1200000,468000,2.07,2484000,968760,1515240,2012
721,Florida,193000,64,12352000,1235000,1.84,22727680,2272400,20455280,2012
722,Georgia,59000,51,3009000,181000,1.92,5777280,347520,5429760,2012
723,Hawaii,10000,75,750000,263000,4.15,3112500,1091450,2021050,2012
724,Idaho,92000,32,2944000,530000,1.63,4798720,863900,3934820,2012
725,Illinois,7000,61,427000,145000,3.55,1515850,514750,1001100,2012
726,Indiana,8000,59,472000,203000,2.54,1198880,515620,683260,2012
727,Iowa,37000,61,2257000,1196000,2.17,4897690,2595320,2302370,2012
728,Kansas,6000,55,330000,125000,2.28,752400,285000,467400,2012
729,Kentucky,5000,51,255000,41000,3.15,803250,129150,674100,2012
730,Louisiana,41000,86,3526000,141000,1.83,6452580,258030,6194550,2012
731,Maine,4000,34,136000,24000,2.39,325040,57360,267680,2012
732,Michigan,73000,57,4161000,1332000,2.03,8446830,2703960,5742870,2012
733,Minnesota,125000,67,8375000,1591000,1.92,16080000,3054720,13025280,2012
734,Mississippi,18000,118,2124000,64000,1.77,3759480,113280,3646200,2012
735,Missouri,7000,53,371000,108000,2.8,1038800,302400,736400,2012
736,Montana,145000,52,7540000,2413000,1.95,14703000,4705350,9997650,2012
737,Nebraska,43000,65,2795000,1146000,1.93,5394350,2211780,3182570,2012
738,NewJersey,14000,33,462000,51000,1.97,910140,100470,809670,2012
739,NewMexico,5000,52,260000,99000,3.39,881400,335610,545790,2012
740,NewYork,51000,51,2601000,988000,2.23,5800230,2203240,3596990,2012
741,NorthCarolina,13000,39,507000,106000,3.76,1906320,398560,1507760,2012
742,NorthDakota,480000,69,33120000,5962000,1.92,63590400,11447040,52143360,2012
743,Ohio,18000,60,1080000,410000,2.46,2656800,1008600,1648200,2012
744,Oregon,60000,32,1920000,845000,2.16,4147200,1825200,2322000,2012
745,Pennsylvania,16000,60,960000,269000,2.57,2467200,691330,1775870,2012
746,SouthDakota,260000,63,16380000,3604000,1.95,31941000,7027800,24913200,2012
747,Tennessee,6000,61,366000,59000,2.93,1072380,172870,899510,2012
748,Texas,92000,52,4784000,718000,2,9568000,1436000,8132000,2012
749,Utah,25000,38,950000,209000,1.87,1776500,390830,1385670,2012
750,Vermont,4000,60,240000,53000,2.39,573600,126670,446930,2012
751,Virginia,4000,41,164000,23000,3.77,618280,86710,531570,2012
752,Washington,62000,41,2542000,1017000,2.38,6049960,2420460,3629500,2012
753,WestVirginia,6000,48,288000,95000,2.91,838080,276450,561630,2012
754,Wisconsin,60000,69,4140000,1863000,2.05,8487000,3819150,4667850,2012
755,Wyoming,50000,51,2550000,459000,1.87,4768500,858330,3910170,2012
756,Alabama,7000,52,364000,55000,2.85,1037400,156750,880650,2013
757,Arizona,29000,36,1044000,251000,1.96,2046240,491960,1554280,2013
758,Arkansas,22000,60,1320000,66000,2.02,2666400,133320,2533080,2013
759,California,330000,33,10890000,2505000,2.11,22977900,5285550,17692350,2013
760,Colorado,26000,43,1118000,324000,2.1,2347800,680400,1667400,2013
761,Florida,220000,61,13420000,1074000,2.03,27242600,2180220,25062380,2013
762,Georgia,67000,50,3350000,637000,2.26,7571000,1439620,6131380,2013
763,Hawaii,13000,83,1079000,65000,1.97,2125630,128050,1997580,2013
764,Idaho,83000,32,2656000,1036000,2.02,5365120,2092720,3272400,2013
765,Illinois,7000,48,336000,101000,4.19,1407840,423190,984650,2013
766,Indiana,6000,47,282000,82000,2.77,781140,227140,554000,2013
767,Iowa,39000,48,1872000,1217000,2.45,4586400,2981650,1604750,2013
768,Kansas,6000,46,276000,39000,2.5,690000,97500,592500,2013
769,Kentucky,3000,41,123000,17000,3.25,399750,55250,344500,2013
770,Louisiana,50000,98,4900000,490000,1.89,9261000,926100,8334900,2013
771,Maine,7000,43,301000,27000,3.14,945140,84780,860360,2013
772,Michigan,85000,55,4675000,982000,2.16,10098000,2121120,7976880,2013
773,Minnesota,130000,58,7540000,1282000,1.99,15004600,2551180,12453420,2013
774,Mississippi,17000,116,1972000,39000,1.86,3667920,72540,3595380,2013
775,Missouri,10000,47,470000,85000,2.62,1231400,222700,1008700,2013
776,Montana,159000,94,14946000,5231000,2.09,31237140,10932790,20304350,2013
777,Nebraska,46000,60,2760000,1628000,2.07,5713200,3369960,2343240,2013
778,NewJersey,11000,44,484000,34000,4.19,2027960,142460,1885500,2013
779,NewYork,55000,48,2640000,1030000,2.12,5596800,2183600,3413200,2013
780,NorthCarolina,10000,38,380000,84000,3.67,1394600,308280,1086320,2013
781,NorthDakota,480000,69,33120000,6955000,2.04,67564800,14188200,53376600,2013
782,Ohio,17000,45,765000,390000,3.29,2516850,1283100,1233750,2013
783,Oregon,62000,35,2170000,456000,2.39,5186300,1089840,4096460,2013
784,Pennsylvania,13000,45,585000,257000,3.03,1772550,778710,993840,2013
785,SouthDakota,265000,56,14840000,6381000,2.07,30718800,13208670,17510130,2013
786,Tennessee,7000,45,315000,63000,3.55,1118250,223650,894600,2013
787,Texas,106000,59,6254000,1689000,2.1,13133400,3546900,9586500,2013
788,Utah,30000,34,1020000,92000,2.09,2131800,192280,1939520,2013
789,Vermont,3000,51,153000,46000,3.89,595170,178940,416230,2013
790,Virginia,5000,35,175000,42000,4.5,787500,189000,598500,2013
791,Washington,69000,39,2691000,1023000,2.3,6189300,2352900,3836400,2013
792,WestVirginia,6000,46,276000,83000,3.66,1010160,303780,706380,2013
793,Wisconsin,59000,60,3540000,1558000,2.38,8425200,3708040,4717160,2013
794,Wyoming,47000,66,3102000,558000,2.11,6545220,1177380,5367840,2013
795,Alabama,7000,53,371000,26000,3.53,1309630,91780,1217850,2014
796,Arizona,26000,39,1014000,193000,1.92,1946880,370560,1576320,2014
797,Arkansas,21000,65,1365000,137000,2.04,2784600,279480,2505120,2014
798,California,320000,39,12480000,2995000,2.06,25708800,6169700,19539100,2014
799,Colorado,27000,37,999000,200000,2.11,2107890,422000,1685890,2014
800,Florida,245000,60,14700000,1029000,2.08,30576000,2140320,28435680,2014
801,Georgia,73000,62,4526000,362000,2.19,9911940,792780,9119160,2014
802,Hawaii,15000,93,1395000,140000,2.29,3194550,320600,2873950,2014
803,Idaho,100000,34,3400000,850000,2.03,6902000,1725500,5176500,2014
804,Illinois,8000,49,392000,94000,4.11,1611120,386340,1224780,2014
805,Indiana,5000,62,310000,115000,3.19,988900,366850,622050,2014
806,Iowa,35000,43,1505000,933000,2.41,3627050,2248530,1378520,2014
807,Kansas,7000,75,525000,84000,2.38,1249500,199920,1049580,2014
808,Kentucky,5000,47,235000,56000,3.96,930600,221760,708840,2014
809,Louisiana,48000,84,4032000,524000,2.18,8789760,1142320,7647440,2014
810,Maine,8000,47,376000,41000,4.99,1876240,204590,1671650,2014
811,Michigan,91000,63,5733000,1835000,2.49,14275170,4569150,9706020,2014
812,Minnesota,132000,60,7920000,1426000,2.06,16315200,2937560,13377640,2014
813,Mississippi,20000,112,2240000,45000,2.01,4502400,90450,4411950,2014
814,Missouri,12000,47,564000,96000,3.63,2047320,348480,1698840,2014
815,Montana,162000,88,14256000,5132000,2.09,29795040,10725880,19069160,2014
816,Nebraska,50000,75,3750000,1688000,2.04,7650000,3443520,4206480,2014
817,NewJersey,12000,30,360000,119000,3.13,1126800,372470,754330,2014
818,NewYork,60000,55,3300000,1518000,2.83,9339000,4295940,5043060,2014
819,NorthCarolina,12000,43,516000,88000,3.49,1800840,307120,1493720,2014
820,NorthDakota,490000,86,42140000,9271000,1.99,83858600,18449290,65409310,2014
821,Ohio,15000,61,915000,256000,3.58,3275700,916480,2359220,2014
822,Oregon,71000,40,2840000,767000,2.2,6248000,1687400,4560600,2014
823,Pennsylvania,17000,46,782000,203000,2.91,2275620,590730,1684890,2014
824,SouthCarolina,9000,54,486000,19000,3.97,1929420,75430,1853990,2014
825,SouthDakota,280000,87,24360000,5846000,2.08,50668800,12159680,38509120,2014
826,Tennessee,7000,63,441000,88000,3.76,1658160,330880,1327280,2014
827,Texas,116000,78,9048000,2081000,2.24,20267520,4661440,15606080,2014
828,Utah,29000,28,812000,130000,2.13,1729560,276900,1452660,2014
829,Vermont,3000,58,174000,61000,4.89,850860,298290,552570,2014
830,Virginia,6000,41,246000,57000,4.68,1151280,266760,884520,2014
831,Washington,68000,44,2992000,1167000,2.61,7809120,3045870,4763250,2014
832,WestVirginia,6000,31,186000,33000,4.07,757020,134310,622710,2014
833,Wisconsin,53000,54,2862000,1030000,2.38,6811560,2451400,4360160,2014
834,Wyoming,38000,61,2318000,255000,2.08,4821440,530400,4291040,2014
835,Alabama,7000,47,329000,13000,3.83,1260070,49790,1210280,2015
836,Arizona,26000,49,1274000,306000,2.03,2586220,621180,1965040,2015
837,Arkansas,24000,72,1728000,121000,2.06,3559680,249260,3310420,2015
838,California,275000,30,8250000,1485000,2.03,16747500,3014550,13732950,2015
839,Colorado,29000,51,1479000,399000,2.26,3342540,901740,2440800,2015
840,Florida,220000,54,11880000,832000,1.97,23403600,1639040,21764560,2015
841,Georgia,69000,40,2760000,221000,2.43,6706800,537030,6169770,2015
842,Hawaii,14000,102,1428000,71000,1.91,2727480,135610,2591870,2015
843,Idaho,89000,32,2848000,1082000,1.93,5496640,2088260,3408380,2015
844,Illinois,8000,51,408000,155000,4.66,1901280,722300,1178980,2015
845,Indiana,6000,53,318000,165000,3.23,1027140,532950,494190,2015
846,Iowa,36000,50,1800000,990000,2.2,3960000,2178000,1782000,2015
847,Kansas,8000,36,288000,107000,3.5,1008000,374500,633500,2015
848,Kentucky,5000,46,230000,55000,4.04,929200,222200,707000,2015
849,Louisiana,44000,99,4356000,348000,1.95,8494200,678600,7815600,2015
850,Maine,10000,47,470000,47000,5.43,2552100,255210,2296890,2015
851,Michigan,90000,58,5220000,1984000,2.44,12736800,4840960,7895840,2015
852,Minnesota,122000,68,8296000,2157000,1.84,15264640,3968880,11295760,2015
853,Mississippi,15000,83,1245000,87000,2.4,2988000,208800,2779200,2015
854,Missouri,10000,52,520000,52000,3.55,1846000,184600,1661400,2015
855,Montana,146000,83,12118000,3757000,1.94,23508920,7288580,16220340,2015
856,Nebraska,57000,48,2736000,1450000,2.04,5581440,2958000,2623440,2015
857,NewJersey,12000,27,324000,207000,4.2,1360800,869400,491400,2015
858,NewYork,58000,62,3596000,899000,2.94,10572240,2643060,7929180,2015
859,NorthCarolina,12000,45,540000,103000,4.51,2435400,464530,1970870,2015
860,NorthDakota,490000,74,36260000,9428000,1.8,65268000,16970400,48297600,2015
861,Ohio,17000,50,850000,357000,3.6,3060000,1285200,1774800,2015
862,Oregon,71000,38,2698000,809000,2.43,6556140,1965870,4590270,2015
863,Pennsylvania,17000,53,901000,225000,3.62,3261620,814500,2447120,2015
864,SouthCarolina,14000,67,938000,38000,4.1,3845800,155800,3690000,2015
865,SouthDakota,290000,66,19140000,9379000,1.79,34260600,16788410,17472190,2015
866,Tennessee,7000,59,413000,78000,4.04,1668520,315120,1353400,2015
867,Texas,126000,66,8316000,1164000,2.1,17463600,2444400,15019200,2015
868,Utah,27000,42,1134000,147000,1.92,2177280,282240,1895040,2015
869,Vermont,5000,52,260000,62000,4.23,1099800,262260,837540,2015
870,Virginia,6000,38,228000,50000,5.53,1260840,276500,984340,2015
871,Washington,73000,44,3212000,1221000,1.8,5781600,2197800,3583800,2015
872,WestVirginia,5000,35,175000,32000,4.44,777000,142080,634920,2015
873,Wisconsin,52000,67,3484000,1603000,2.43,8466120,3895290,4570830,2015
874,Wyoming,38000,77,2926000,146000,1.9,5559400,277400,5282000,2015
875,Alabama,7000,52,364000,33000,3.45,1255800,113850,1141950,2016
876,Arizona,27000,46,1242000,261000,1.97,2446740,514170,1932570,2016
877,Arkansas,24000,69,1656000,99000,1.85,3063600,183150,2880450,2016
878,California,310000,36,11160000,2009000,2.04,22766400,4098360,18668040,2016
879,Colorado,32000,40,1280000,282000,2.24,2867200,631680,2235520,2016
880,Florida,215000,50,10750000,538000,2.43,26122500,1307340,24815160,2016
881,Georgia,96000,39,3744000,899000,2.69,10071360,2418310,7653050,2016
882,Hawaii,16000,113,1808000,127000,2.31,4176480,293370,3883110,2016
883,Idaho,97000,34,3298000,1253000,1.82,6002360,2280460,3721900,2016
884,Illinois,10000,48,480000,77000,5.42,2601600,417340,2184260,2016
885,Indiana,7000,62,434000,208000,3.46,1501640,719680,781960,2016
886,Iowa,37000,48,1776000,746000,2.08,3694080,1551680,2142400,2016
887,Kansas,7000,48,336000,54000,3.04,1021440,164160,857280,2016
888,Kentucky,5000,46,230000,48000,4.02,924600,192960,731640,2016
889,Louisiana,50000,86,4300000,301000,1.94,8342000,583940,7758060,2016
890,Maine,12000,34,408000,65000,3.38,1379040,219700,1159340,2016
891,Michigan,89000,60,5340000,1709000,2.37,12655800,4050330,8605470,2016
892,Minnesota,124000,59,7316000,1390000,1.69,12364040,2349100,10014940,2016
893,Mississippi,19000,85,1615000,113000,1.73,2793950,195490,2598460,2016
894,Missouri,8000,62,496000,30000,2.31,1145760,69300,1076460,2016
895,Montana,159000,77,12243000,3183000,1.77,21670110,5633910,16036200,2016
896,Nebraska,48000,46,2208000,640000,1.91,4217280,1222400,2994880,2016
897,NewJersey,12000,27,324000,198000,7.09,2297160,1403820,893340,2016
898,NewYork,64000,57,3648000,1167000,3.19,11637120,3722730,7914390,2016
899,NorthCarolina,12000,37,444000,89000,4.78,2122320,425420,1696900,2016
900,NorthDakota,485000,78,37830000,6809000,1.85,69985500,12596650,57388850,2016
901,Ohio,15000,79,1185000,664000,3.93,4657050,2609520,2047530,2016
902,Oregon,74000,35,2590000,622000,1.91,4946900,1188020,3758880,2016
903,Pennsylvania,19000,50,950000,266000,3.03,2878500,805980,2072520,2016
904,SouthCarolina,16000,45,720000,36000,4.57,3290400,164520,3125880,2016
905,SouthDakota,280000,71,19880000,12127000,1.76,34988800,21343520,13645280,2016
906,Tennessee,6000,55,330000,69000,4.88,1610400,336720,1273680,2016
907,Texas,133000,70,9310000,2607000,2.08,19364800,5422560,13942240,2016
908,Utah,31000,32,992000,169000,1.93,1914560,326170,1588390,2016
909,Vermont,6000,52,312000,69000,3.64,1135680,251160,884520,2016
910,Virginia,5000,38,190000,30000,5.85,1111500,175500,936000,2016
911,Washington,84000,35,2940000,412000,1.99,5850600,819880,5030720,2016
912,WestVirginia,5000,32,160000,43000,3.92,627200,168560,458640,2016
913,Wisconsin,54000,62,3348000,1205000,2.67,8939160,3217350,5721810,2016
914,Wyoming,40000,68,2720000,190000,1.78,4841600,338200,4503400,2016
915,Alabama,7000,45,315000,22000,2.88,907200,63360,843840,2017
916,Arizona,22000,40,880000,97000,1.99,1751200,193030,1558170,2017
917,Arkansas,29000,68,1972000,197000,1.97,3884840,388090,3496750,2017
918,California,335000,41,13735000,2198000,2.16,29667600,4747680,24919920,2017
919,Colorado,33000,43,1419000,284000,2.09,2965710,593560,2372150,2017
920,Florida,205000,43,8815000,529000,2.37,20891550,1253730,19637820,2017
921,Georgia,99000,32,3168000,190000,3,9504000,570000,8934000,2017
922,Hawaii,19000,131,2489000,25000,1.53,3808170,38250,3769920,2017
923,Idaho,95000,44,4180000,1045000,1.79,7482200,1870550,5611650,2017
924,Illinois,11000,46,506000,167000,5.09,2575540,850030,1725510,2017
925,Indiana,8000,52,416000,158000,3.61,1501760,570380,931380,2017
926,Iowa,35000,58,2030000,1035000,2.26,4587800,2339100,2248700,2017
927,Kansas,7000,79,553000,260000,4.03,2228590,1047800,1180790,2017
928,Kentucky,5000,38,190000,42000,4.13,784700,173460,611240,2017
929,Louisiana,43000,81,3483000,279000,1.93,6722190,538470,6183720,2017
930,Maine,12000,33,396000,51000,5,1980000,255000,1725000,2017
931,Michigan,87000,45,3915000,822000,2.42,9474300,1989240,7485060,2017
932,Minnesota,126000,62,7812000,1016000,1.93,15077160,1960880,13116280,2017
933,Mississippi,18000,86,1548000,124000,1.82,2817360,225680,2591680,2017
934,Missouri,8000,65,520000,57000,3.7,1924000,210900,1713100,2017
935,Montana,145000,72,10440000,2506000,2.21,23072400,5538260,17534140,2017
936,Nebraska,42000,63,2646000,423000,1.91,5053860,807930,4245930,2017
937,NewJersey,13000,28,364000,167000,8.74,3181360,1459580,1721780,2017
938,NewYork,57000,56,3192000,766000,3.03,9671760,2320980,7350780,2017
939,NorthCarolina,11000,41,451000,99000,4.58,2065580,453420,1612160,2017
940,NorthDakota,455000,74,33670000,4377000,1.91,64309700,8360070,55949630,2017
941,Ohio,15000,73,1095000,657000,3.24,3547800,2128680,1419120,2017
942,Oregon,78000,40,3120000,998000,2.1,6552000,2095800,4456200,2017
943,Pennsylvania,16000,46,736000,177000,3.51,2583360,621270,1962090,2017
944,SouthCarolina,16000,34,544000,27000,2.7,1468800,72900,1395900,2017
945,SouthDakota,255000,57,14535000,6541000,2.07,30087450,13539870,16547580,2017
946,Tennessee,7000,41,287000,75000,4.57,1311590,342750,968840,2017
947,Texas,120000,66,7920000,2297000,2.17,17186400,4984490,12201910,2017
948,Utah,27000,31,837000,67000,2.08,1740960,139360,1601600,2017
949,Vermont,7000,54,378000,144000,4.02,1519560,578880,940680,2017
950,Virginia,6000,35,210000,46000,5.77,1211700,265420,946280,2017
951,Washington,77000,45,3465000,1594000,2.44,8454600,3889360,4565240,2017
952,WestVirginia,6000,40,240000,50000,3.93,943200,196500,746700,2017
953,Wisconsin,53000,56,2968000,683000,2.82,8369760,1926060,6443700,2017
954,Wyoming,39000,53,2067000,186000,1.61,3327870,299460,3028410,2017
955,Alabama,6000,45,270000,14000,3.72,1004400,52080,952320,2018
956,Arizona,24000,38,912000,109000,3.01,2745120,328090,2417030,2018
957,Arkansas,28000,50,1400000,84000,1.88,2632000,157920,2474080,2018
958,California,335000,41,13735000,3022000,2.11,28980850,6376420,22604430,2018
959,Colorado,31000,48,1488000,283000,2.05,3050400,580150,2470250,2018
960,Florida,215000,49,10535000,737000,2.4,25284000,1768800,23515200,2018
961,Georgia,98000,34,3332000,200000,2.76,9196320,552000,8644320,2018
962,Hawaii,17000,103,1751000,18000,1.92,3361920,34560,3327360,2018
963,Idaho,96000,31,2976000,655000,1.96,5832960,1283800,4549160,2018
964,Illinois,11000,41,451000,108000,4.83,2178330,521640,1656690,2018
965,Indiana,7000,46,322000,106000,3.58,1152760,379480,773280,2018
966,Iowa,38000,49,1862000,1005000,2.4,4468800,2412000,2056800,2018
967,Kansas,5000,73,365000,95000,3.1,1131500,294500,837000,2018
968,Kentucky,4000,41,164000,34000,5.43,890520,184620,705900,2018
969,Louisiana,45000,83,3735000,261000,1.91,7133850,498510,6635340,2018
970,Maine,12000,32,384000,92000,2.98,1144320,274160,870160,2018
971,Michigan,97000,44,4268000,768000,2.49,10627320,1912320,8715000,2018
972,Minnesota,119000,61,7259000,1161000,1.94,14082460,2252340,11830120,2018
973,Mississippi,20000,87,1740000,70000,2.07,3601800,144900,3456900,2018
974,Missouri,9000,45,405000,36000,2.83,1146150,101880,1044270,2018
975,Montana,160000,92,14720000,3680000,1.9,27968000,6992000,20976000,2018
976,Nebraska,40000,59,2360000,850000,2.01,4743600,1708500,3035100,2018
977,NewJersey,13000,31,403000,165000,7.47,3010410,1232550,1777860,2018
978,NewYork,56000,48,2688000,833000,3.24,8709120,2698920,6010200,2018
979,NorthCarolina,10000,33,330000,63000,5.76,1900800,362880,1537920,2018
980,NorthDakota,550000,72,39600000,4752000,1.87,74052000,8886240,65165760,2018
981,Ohio,14000,73,1022000,491000,3.72,3801840,1826520,1975320,2018
982,Oregon,93000,35,3255000,1009000,2.36,7681800,2381240,5300560,2018
983,Pennsylvania,19000,44,836000,309000,3.89,3252040,1202010,2050030,2018
984,SouthCarolina,16000,48,768000,15000,3.17,2434560,47550,2387010,2018
985,SouthDakota,255000,47,11985000,5154000,1.91,22891350,9844140,13047210,2018
986,Tennessee,7000,46,322000,84000,4.11,1323420,345240,978180,2018
987,Texas,132000,56,7392000,1035000,2.12,15671040,2194200,13476840,2018
988,Utah,26000,41,1066000,75000,2.1,2238600,157500,2081100,2018
989,Vermont,7000,48,336000,94000,3.76,1263360,353440,909920,2018
990,Virginia,4000,40,160000,35000,7.24,1158400,253400,905000,2018
991,Washington,77000,43,3311000,563000,2.15,7118650,1210450,5908200,2018
992,WestVirginia,6000,37,222000,38000,4.33,961260,164540,796720,2018
993,Wisconsin,51000,45,2295000,711000,2.95,6770250,2097450,4672800,2018
994,Wyoming,39000,56,2184000,175000,1.91,4171440,334250,3837190,2018
995,Alabama,7000,42,294000,44000,3.38,993720,148720,845000,2019
996,Arizona,23000,46,1058000,201000,2.04,2158320,410040,1748280,2019
997,Arkansas,20000,55,1100000,176000,1.65,1815000,290400,1524600,2019
998,California,335000,48,16080000,3216000,1.6,25728000,5145600,20582400,2019
999,Colorado,32000,46,1472000,500000,2.34,3444480,1170000,2274480,2019
1000,Florida,205000,45,9225000,830000,2.46,22693500,2041800,20651700,2019
1001,Georgia,102000,33,3366000,370000,2.67,8987220,987900,7999320,2019
1002,Hawaii,16000,80,1280000,51000,1.3,1664000,66300,1597700,2019
1003,Idaho,92000,32,2944000,677000,1.62,4769280,1096740,3672540,2019
1004,Illinois,11000,39,429000,116000,4.12,1767480,477920,1289560,2019
1005,Indiana,9000,55,495000,188000,3.78,1871100,710640,1160460,2019
1006,Iowa,38000,55,2090000,1170000,2.35,4911500,2749500,2162000,2019
1007,Kansas,7000,79,553000,171000,2.35,1299550,401850,897700,2019
1008,Kentucky,6000,41,246000,44000,4.66,1146360,205040,941320,2019
1009,Louisiana,54000,72,3888000,428000,2.15,8359200,920200,7439000,2019
1010,Maine,15000,35,525000,110000,3.28,1722000,360800,1361200,2019
1011,Michigan,94000,50,4700000,1363000,2.56,12032000,3489280,8542720,2019
1012,Minnesota,118000,59,6962000,3063000,1.83,12740460,5605290,7135170,2019
1013,Mississippi,22000,80,1760000,141000,1.87,3291200,263670,3027530,2019
1014,Missouri,10000,43,430000,73000,3.35,1440500,244550,1195950,2019
1015,Montana,173000,86,14878000,5802000,1.49,22168220,8644980,13523240,2019
1016,Nebraska,39000,52,2028000,223000,1.44,2920320,321120,2599200,2019
1017,NewJersey,15000,28,420000,155000,4.68,1965600,725400,1240200,2019
1018,NewYork,59000,58,3422000,1027000,4,13688000,4108000,9580000,2019
1019,NorthCarolina,14000,42,588000,118000,4.11,2416680,484980,1931700,2019
1020,NorthDakota,520000,65,33800000,6422000,1.43,48334000,9183460,39150540,2019
1021,Ohio,15000,67,1005000,442000,3.46,3477300,1529320,1947980,2019
1022,Oregon,87000,32,2784000,1141000,2.5,6960000,2852500,4107500,2019
1023,Pennsylvania,19000,50,950000,409000,4.41,4189500,1803690,2385810,2019
1024,SouthCarolina,16000,47,752000,45000,5.03,3782560,226350,3556210,2019
1025,SouthDakota,270000,72,19440000,7582000,1.56,30326400,11827920,18498480,2019
1026,Tennessee,8000,57,456000,91000,4.72,2152320,429520,1722800,2019
1027,Texas,126000,60,7560000,1663000,2.32,17539200,3858160,13681040,2019
1028,Utah,22000,29,638000,89000,1.97,1256860,175330,1081530,2019
1029,Vermont,6000,48,288000,84000,4.48,1290240,376320,913920,2019
1030,Virginia,5000,39,195000,49000,7.19,1402050,352310,1049740,2019
1031,Washington,81000,35,2835000,1191000,2.18,6180300,2596380,3583920,2019
1032,WestVirginia,6000,37,222000,47000,4.26,945720,200220,745500,2019
1033,Wisconsin,46000,47,2162000,692000,3,6486000,2076000,4410000,2019
1034,Wyoming,39000,56,2184000,306000,1.43,3123120,437580,2685540,2019
1035,Alabama,7000,39,273000,66000,5.52,1506960,364320,1142640,2020
1036,Arizona,25000,36,900000,360000,2.38,2142000,856800,1285200,2020
1037,Arkansas,20000,49,980000,176000,1.85,1813000,325600,1487400,2020
1038,California,320000,43,13760000,2752000,1.95,26832000,5366400,21465600,2020
1039,Colorado,30000,41,1230000,455000,2.39,2939700,1087450,1852250,2020
1040,Florida,192000,46,8832000,883000,2.24,19783680,1977920,17805760,2020
1041,Georgia,101000,34,3434000,412000,2.52,8653680,1038240,7615440,2020
1042,Hawaii,15000,105,1575000,79000,1.7,2677500,134300,2543200,2020
1043,Idaho,107000,35,3745000,637000,1.76,6591200,1121120,5470080,2020
1044,Illinois,10000,52,520000,156000,5.65,2938000,881400,2056600,2020
1045,Indiana,9000,55,495000,149000,3.91,1935450,582590,1352860,2020
1046,Iowa,35000,58,2030000,1259000,2.54,5156200,3197860,1958340,2020
1047,Kansas,8000,62,496000,164000,3.25,1612000,533000,1079000,2020
1048,Kentucky,7000,33,231000,58000,5.76,1330560,334080,996480,2020
1049,Louisiana,33000,69,2277000,228000,2.46,5601420,560880,5040540,2020
1050,Maine,10000,30,300000,78000,3.36,1008000,262080,745920,2020
1051,Michigan,95000,47,4465000,1384000,2.95,13171750,4082800,9088950,2020
1052,Minnesota,108000,55,5940000,2495000,1.8,10692000,4491000,6201000,2020
1053,Mississippi,25000,73,1825000,146000,1.99,3631750,290540,3341210,2020
1054,Missouri,9000,41,369000,100000,3.59,1324710,359000,965710,2020
1055,Montana,110000,81,8910000,3208000,1.61,14345100,5164880,9180220,2020
1056,Nebraska,37000,52,1924000,250000,1.69,3251560,422500,2829060,2020
1057,NewJersey,14000,31,434000,91000,4.32,1874880,393120,1481760,2020
1058,NewYork,58000,56,3248000,844000,3.13,10166240,2641720,7524520,2020
1059,NorthCarolina,12000,38,456000,123000,5.5,2508000,676500,1831500,2020
1060,NorthDakota,495000,78,38610000,8108000,1.59,61389900,12891720,48498180,2020
1061,Ohio,16000,75,1200000,576000,3.5,4200000,2016000,2184000,2020
1062,Oregon,95000,29,2755000,1102000,2.4,6612000,2644800,3967200,2020
1063,Pennsylvania,19000,48,912000,392000,4.12,3757440,1615040,2142400,2020
1064,SouthCarolina,16000,46,736000,66000,3.44,2531840,227040,2304800,2020
1065,SouthDakota,245000,61,14945000,8668000,1.77,26452650,15342360,11110290,2020
1066,Tennessee,7000,51,357000,54000,4.23,1510110,228420,1281690,2020
1067,Texas,157000,57,8949000,1253000,2,17898000,2506000,15392000,2020
1068,Utah,28000,34,952000,171000,2.02,1923040,345420,1577620,2020
1069,Vermont,6000,47,282000,96000,3.94,1111080,378240,732840,2020
1070,Virginia,5000,40,200000,54000,6.03,1206000,325620,880380,2020
1071,Washington,98000,37,3626000,798000,2.51,9101260,2002980,7098280,2020
1072,WestVirginia,6000,46,276000,58000,3.81,1051560,220980,830580,2020
1073,Wisconsin,45000,50,2250000,855000,3.11,6997500,2659050,4338450,2020
1074,Wyoming,38000,40,1520000,608000,1.71,2599200,1039680,1559520,2020
1075,Alabama,8000,40,320000,112000,5.99,1916800,670880,1245920,2021
1076,Arizona,26000,40,1040000,368000,2.34,2433600,861120,1572480,2021
1077,Arkansas,17000,50,850000,255000,2.07,1759500,527850,1231650,2021
1078,California,290000,33,9570000,1627000,2.4,22968000,3904800,19063200,2021
1079,Colorado,29000,40,1160000,232000,2.78,3224800,644960,2579840,2021
1080,Florida,193000,44,8492000,849000,2.42,20550640,2054580,18496060,2021
1081,Georgia,96000,34,3264000,261000,2.73,8910720,712530,8198190,2021
1082,Hawaii,15000,93,1395000,56000,2.21,3082950,123760,2959190,2021
1083,Idaho,100000,30,3000000,270000,2.37,7110000,639900,6470100,2021
1084,Illinois,10000,46,460000,115000,5.83,2681800,670450,2011350,2021
1085,Indiana,10000,52,520000,177000,3.89,2022800,688530,1334270,2021
1086,Iowa,38000,55,2090000,502000,2.46,5141400,1234920,3906480,2021
1087,Kansas,7000,42,294000,144000,2.74,805560,394560,411000,2021
1088,Kentucky,7000,37,259000,73000,4.6,1191400,335800,855600,2021
1089,Louisiana,37000,58,2146000,205000,2.5,5365000,512500,4852500,2021
1090,Maine,11000,34,374000,60000,3.18,1189320,190800,998520,2021
1091,Michigan,101000,51,5151000,1957000,2.97,15298470,5812290,9486180,2021
1092,Minnesota,125000,57,7125000,285000,2.32,16530000,661200,15868800,2021
1093,Mississippi,25000,71,1775000,71000,2.77,4916750,196670,4720080,2021
1094,Missouri,8000,35,280000,92000,3.99,1117200,367080,750120,2021
1095,Montana,117000,57,6669000,1934000,2.17,14471730,4196780,10274950,2021
1096,Nebraska,39000,47,1833000,550000,2.17,3977610,1193500,2784110,2021
1097,NewJersey,15000,35,525000,158000,3.27,1716750,516660,1200090,2021
1098,NewYork,57000,53,3021000,665000,4.15,12537150,2759750,9777400,2021
1099,NorthCarolina,13000,39,507000,104000,6.84,3467880,711360,2756520,2021
1100,NorthDakota,515000,55,28325000,2266000,2.19,62031750,4962540,57069210,2021
1101,Ohio,16000,64,1024000,389000,3.7,3788800,1439300,2349500,2021
1102,Oregon,86000,31,2666000,693000,2.14,5705240,1483020,4222220,2021
1103,Pennsylvania,20000,42,840000,336000,3.4,2856000,1142400,1713600,2021
1104,SouthCarolina,16000,42,672000,67000,5.32,3575040,356440,3218600,2021
1105,SouthDakota,250000,49,12250000,5268000,2.27,27807500,11958360,15849140,2021
1106,Tennessee,8000,56,448000,81000,5,2240000,405000,1835000,2021
1107,Texas,137000,56,7672000,384000,2.3,17645600,883200,16762400,2021
1108,Utah,31000,33,1023000,92000,2.18,2230140,200560,2029580,2021
1109,Vermont,7000,47,329000,76000,3.28,1079120,249280,829840,2021
1110,Virginia,6000,40,240000,79000,8.23,1975200,650170,1325030,2021
1111,Washington,96000,32,3072000,1206000,2.52,7741440,3039120,4702320,2021
1112,WestVirginia,6000,43,258000,136000,4.8,1238400,652800,585600,2021
1113,Wisconsin,42000,47,1974000,750000,2.81,5546940,2107500,3439440,2021
1114,Wyoming,38000,58,2204000,242000,2.07,4562280,500940,4061340,2021
